,M + 0,M + 1,M + 2,M + 3,A + 0,A + 1,A + 2,A + 3,A + 4,SPREAD
2012-01-01,,50.43,60.86,63.67,76.5,85.5,91.5,93.0,93.0,
2012-01-08,,40.25,43.95,45.95,71.5,83.0,89.5,92.5,92.5,
2012-01-15,,30.97,34.38,35.56,68.0,81.5,89.0,91.5,91.5,
2012-01-22,,30.19,32.77,34.62,67.5,81.0,89.0,90.5,90.0,
2012-01-29,,34.53,37.46,39.65,66.5,81.0,88.5,89.5,89.5,
2012-02-05,,49.32,50.5,52.34,64.5,80.0,88.5,89.0,89.0,
2012-02-12,,65.41,66.57,67.45,71.5,80.0,88.0,90.0,90.0,
2012-02-19,,71.63,72.45,75.39,80.5,83.0,89.5,89.5,90.0,
2012-02-26,,77.78,81.65,82.96,83.5,89.0,94.5,96.0,97.0,
2012-03-04,,115.24,117.27,121.0,107.0,105.5,103.0,102.5,103.0,
2012-03-11,,143.93,143.21,145.06,120.0,106.5,107.0,106.5,106.0,
2012-03-18,,149.26,149.06,149.5,124.5,107.5,107.0,106.5,106.5,
2012-03-25,,142.79,142.86,142.63,125.0,108.5,108.5,108.0,108.0,
2012-04-01,,185.8,180.02,177.1,132.5,106.5,107.0,106.0,106.0,
2012-04-08,,210.0,216.5,221.5,132.5,106.0,104.5,105.0,105.0,
2012-04-15,,215.58,220.58,224.08,136.25,105.25,104.5,105.0,105.0,
2012-04-22,,214.35,217.35,197.35,142.5,104.0,104.5,104.0,104.0,
2012-04-29,,197.25,194.75,189.75,139.0,103.0,103.5,103.0,103.0,
2012-05-06,,188.85,177.35,179.85,132.5,100.5,101.0,101.0,101.0,
2012-05-13,,183.0,174.0,180.0,135.5,100.5,99.5,99.5,99.5,
2012-05-20,,195.5,189.0,184.0,146.5,102.5,102.0,102.0,101.5,
2012-05-27,,186.96,182.67,158.33,132.33,105.0,103.83,103.92,103.72,
2012-06-03,,158.6,157.0,150.0,130.0,102.0,101.4,101.2,101.2,
2012-06-10,,142.83,139.5,134.83,125.0,99.33,98.17,98.0,98.0,
2012-06-17,,119.2,118.4,112.4,108.0,96.2,95.2,94.0,94.0,
2012-06-24,,94.79,94.14,93.14,87.71,92.0,95.29,95.14,95.14,
2012-07-01,,79.91,80.91,79.36,79.48,90.55,93.16,93.16,93.05,
2012-07-08,,98.11,94.22,93.67,86.38,91.44,93.56,94.65,93.93,
2012-07-15,,108.56,105.83,103.61,98.83,92.44,94.44,94.67,94.89,
2012-07-22,,110.53,106.44,99.67,96.11,92.33,92.33,92.56,92.56,
2012-07-29,,103.3,103.9,102.77,96.97,91.6,93.89,93.79,93.79,
2012-08-05,,110.83,108.83,107.33,107.67,94.33,94.67,94.83,94.83,
2012-08-12,,119.78,106.44,98.89,94.22,94.39,95.22,94.6,94.63,
2012-08-19,,139.71,125.74,109.55,95.99,93.05,93.71,93.59,93.91,
2012-08-26,,151.15,131.92,113.62,101.29,95.54,94.31,94.68,94.01,
2012-09-02,,148.33,120.33,109.22,101.0,99.18,100.13,100.39,100.39,
2012-09-09,,157.0,128.42,122.5,104.83,102.17,102.17,102.33,101.92,
2012-09-16,,153.45,125.27,117.36,103.45,102.09,101.27,100.45,100.27,
2012-09-23,,149.8,118.3,114.7,102.8,104.0,102.4,102.2,102.2,
2012-09-30,,131.0,120.3,104.4,104.0,102.4,101.84,101.84,101.84,
2012-10-07,,176.33,148.0,114.44,110.11,104.67,101.59,101.51,101.51,
2012-10-14,,230.83,205.0,140.48,123.75,110.41,106.79,106.79,106.23,
2012-10-21,,266.4,209.5,143.16,124.1,109.01,106.91,106.91,106.91,
2012-10-28,,345.0,300.5,161.67,132.9,114.06,113.0,111.56,111.31,
2012-11-04,,315.89,163.21,150.29,135.78,112.38,113.23,112.0,111.34,
2012-11-11,,309.36,167.73,157.55,140.18,115.94,112.7,111.4,110.84,
2012-11-18,,286.5,163.0,152.5,136.8,115.56,111.38,108.88,108.25,
2012-11-25,,257.69,158.02,152.2,139.5,114.56,111.22,109.65,109.01,
2012-12-02,240.56,162.38,154.25,144.88,140.56,113.44,111.43,110.14,109.57,
2012-12-09,259.0,174.5,164.8,156.32,140.8,112.6,109.44,106.65,105.63,
2012-12-16,249.67,186.83,170.83,157.83,138.58,115.17,109.36,106.27,106.44,
2012-12-23,279.5,254.18,194.8,183.11,150.0,119.67,111.8,109.8,108.6,
2012-12-30,266.32,348.0,254.8,226.86,160.66,122.88,114.77,111.86,110.86,
2013-01-06,460.53,314.44,263.37,217.06,186.37,129.89,115.94,113.47,113.38,
2013-01-13,428.0,337.37,265.38,219.27,195.5,122.42,114.71,110.44,108.33,
2013-01-20,441.11,322.78,253.89,210.56,198.47,128.0,115.4,110.53,110.23,
2013-01-27,417.33,305.56,237.22,207.78,196.22,127.44,114.33,110.68,108.24,
2013-02-03,216.15,198.85,189.23,187.2,184.55,124.63,110.86,107.27,104.48,
2013-02-10,192.25,196.67,191.25,186.67,183.91,123.83,110.62,105.54,105.35,
2013-02-17,198.46,210.62,206.0,198.75,195.82,122.88,109.31,104.83,104.48,
2013-02-24,215.73,263.5,244.17,236.67,215.45,128.82,116.2,108.65,106.44,
2013-03-03,366.82,317.73,306.36,297.27,253.18,133.91,116.18,108.71,106.74,
2013-03-10,365.56,346.67,326.33,305.0,293.11,139.33,116.73,109.38,108.0,
2013-03-17,346.62,346.15,326.25,303.18,301.25,142.17,123.91,111.64,109.55,
2013-03-24,340.74,352.23,331.84,325.0,324.25,146.46,123.52,112.52,108.73,
2013-03-31,333.0,343.0,339.5,340.5,338.0,150.95,127.47,115.71,112.97,
2013-04-07,297.67,318.0,321.67,324.2,319.93,147.93,124.0,115.0,112.71,
2013-04-14,238.18,258.52,265.94,284.64,286.0,145.77,126.0,114.93,109.92,
2013-04-21,219.32,244.33,255.86,273.67,275.71,145.41,127.0,114.19,109.1,
2013-04-28,228.56,284.09,286.0,293.0,297.92,148.21,128.51,114.31,110.23,
2013-05-05,346.78,340.18,331.25,329.89,322.5,153.15,131.07,115.96,111.82,
2013-05-12,382.07,346.21,340.28,336.03,335.42,157.53,130.94,117.13,113.0,
2013-05-19,380.21,351.13,340.36,334.38,331.07,155.6,130.07,116.77,111.3,
2013-05-26,379.0,347.82,340.55,335.17,324.8,155.93,131.05,117.52,111.53,
2013-06-02,299.42,315.97,309.8,304.25,306.91,154.46,131.7,117.94,112.63,
2013-06-09,250.11,286.03,290.12,290.23,287.84,151.28,130.95,116.8,111.18,
2013-06-16,226.38,249.55,252.67,254.55,255.17,149.94,130.7,115.54,111.13,
2013-06-23,204.62,202.83,217.21,217.53,220.15,146.86,130.45,115.75,111.12,
2013-06-30,113.53,169.51,173.63,174.95,175.78,142.72,130.14,115.39,111.02,
2013-07-07,132.05,183.87,188.36,191.15,191.07,144.19,131.28,116.16,111.81,
2013-07-14,133.81,188.27,192.82,196.73,196.62,144.17,130.59,116.18,111.38,
2013-07-21,130.69,168.8,190.03,193.28,193.45,143.43,131.31,116.5,111.76,
2013-07-28,132.73,180.81,204.01,203.79,202.23,144.89,131.58,117.03,111.52,
2013-08-04,185.99,221.85,219.73,218.52,216.85,147.17,133.49,117.32,112.82,
2013-08-11,170.1,228.66,228.08,227.46,225.56,148.66,132.54,117.98,113.76,
2013-08-18,175.96,245.93,234.36,234.91,231.7,149.76,134.36,118.75,114.29,
2013-08-25,173.65,253.5,232.86,229.88,226.73,149.85,133.64,118.48,113.67,
2013-09-01,261.99,242.15,235.85,232.14,148.59,134.02,118.81,115.73,111.76,
2013-09-08,273.38,239.42,234.97,228.77,145.77,133.18,118.43,113.69,110.22,
2013-09-15,277.46,241.73,235.04,228.42,145.04,133.01,118.09,113.22,111.19,
2013-09-22,274.18,245.97,227.93,221.22,145.7,132.89,118.44,113.35,111.28,
2013-09-29,273.71,245.83,225.64,216.96,143.73,132.19,118.5,112.94,110.29,
2013-10-06,245.04,225.9,219.05,153.51,144.32,132.41,118.97,113.28,110.89,
2013-10-13,247.26,229.51,218.48,156.72,144.95,132.59,117.65,113.94,111.02,
2013-10-20,251.92,235.52,220.2,160.11,145.82,133.16,117.84,113.64,111.45,
2013-10-27,264.61,293.55,250.81,180.65,156.37,134.83,118.4,114.47,111.84,
2013-11-03,307.47,274.27,189.88,179.66,160.25,134.91,119.41,114.59,112.17,
2013-11-10,317.34,292.57,197.71,186.06,165.32,136.26,119.69,115.03,111.97,
2013-11-17,327.87,331.81,238.94,209.68,176.63,137.78,121.23,116.56,113.3,
2013-11-24,334.84,354.72,251.38,215.6,183.92,138.08,121.96,116.54,113.56,
2013-12-01,324.75,256.2,218.74,206.1,182.69,138.26,122.33,116.16,113.41,
2013-12-08,282.85,244.2,209.24,194.69,179.5,137.57,121.93,116.7,113.12,
2013-12-15,300.03,248.59,214.5,199.16,181.91,137.96,122.44,116.29,113.22,
2013-12-22,299.18,243.37,208.53,196.82,182.87,138.87,121.69,115.83,113.06,
2013-12-29,296.27,246.71,207.2,195.28,181.81,138.6,121.73,115.33,113.18,
2014-01-05,283.31,233.54,204.35,186.75,183.86,140.82,123.3,116.82,113.82,
2014-01-12,326.16,286.61,233.65,202.68,211.16,145.54,126.28,118.15,114.77,
2014-01-19,353.36,315.46,239.99,215.53,217.47,149.63,127.96,119.9,115.9,
2014-01-26,367.27,460.98,347.83,253.44,243.0,159.54,133.11,121.06,116.11,
2014-02-02,715.8,487.9,369.73,310.8,293.69,167.16,136.67,122.77,116.72,
2014-02-09,751.19,606.78,404.76,326.25,308.05,171.52,137.39,122.64,117.05,
2014-02-16,783.6,626.3,436.37,338.97,323.43,175.19,138.55,123.83,118.0,
2014-02-23,787.0,700.62,535.81,409.61,346.99,183.27,139.82,123.66,118.4,
2014-03-02,716.33,558.59,436.72,412.1,345.52,188.51,140.94,123.61,118.52,
2014-03-09,722.51,582.36,476.25,440.13,354.12,196.63,140.64,124.83,118.21,
2014-03-16,778.16,668.28,540.43,482.37,374.76,201.17,142.26,126.5,120.58,
2014-03-23,795.14,748.66,647.75,574.87,461.17,211.3,143.86,127.23,121.04,
2014-03-30,798.02,760.7,674.47,611.16,494.54,216.64,145.88,129.37,122.16,
2014-04-06,787.12,699.85,643.53,587.82,501.34,235.27,149.1,132.28,124.09,
2014-04-13,789.14,716.32,663.01,590.56,503.67,257.43,153.19,136.6,124.54,
2014-04-20,790.39,723.2,669.4,590.73,505.99,278.38,157.54,137.88,124.71,
2014-04-27,789.42,732.16,673.7,591.24,503.44,287.26,162.9,140.46,126.43,
2014-05-04,763.23,682.92,601.0,558.05,504.47,293.82,164.5,141.34,128.13,
2014-05-11,776.08,700.58,615.12,581.15,531.25,302.74,166.82,143.01,130.16,
2014-05-18,798.09,733.75,641.86,613.46,564.52,314.99,175.91,146.33,131.91,
2014-05-25,811.33,738.08,673.08,632.93,598.16,321.82,177.66,146.97,131.8,
2014-06-01,602.03,599.91,579.08,564.97,547.45,326.05,179.39,146.37,132.34,
2014-06-08,363.42,392.13,467.87,458.61,444.2,324.43,178.79,146.0,131.29,
2014-06-15,407.89,492.99,493.97,489.74,477.52,342.66,180.07,149.67,133.87,
2014-06-22,416.95,510.66,510.57,509.4,496.67,346.88,180.16,150.88,133.94,
2014-06-29,403.8,420.05,493.97,494.05,491.31,352.5,183.5,151.18,135.52,
2014-07-06,535.32,540.33,540.82,532.39,524.64,356.51,184.38,152.86,135.97,
2014-07-13,597.56,637.82,617.85,593.91,568.19,363.5,189.38,154.47,136.34,
2014-07-20,595.03,614.71,610.38,596.79,579.94,368.29,190.39,155.4,137.46,
2014-07-27,573.82,597.16,602.75,593.54,573.54,374.3,192.94,158.1,140.39,
2014-08-03,709.57,672.7,614.1,604.55,597.42,385.47,196.18,159.86,142.35,
2014-08-10,669.52,588.72,582.46,575.36,572.7,388.57,198.65,161.73,145.32,
2014-08-17,689.43,621.86,594.17,585.86,580.41,395.08,200.58,162.81,145.64,
2014-08-24,693.1,643.1,599.42,584.51,576.26,400.6,202.44,165.19,148.75,
2014-08-31,685.91,617.59,590.07,579.44,404.77,205.59,165.5,150.83,141.81,
2014-09-07,691.62,639.2,591.02,574.13,408.91,209.0,166.77,152.57,142.26,
2014-09-14,726.94,686.49,612.37,585.95,410.2,213.89,170.0,154.91,144.84,
2014-09-21,727.02,650.68,611.4,584.9,410.03,212.81,170.19,154.87,143.84,
2014-09-28,715.28,643.87,605.0,572.57,410.27,215.34,172.8,155.88,144.99,
2014-10-05,681.63,634.8,596.83,502.59,409.11,218.93,173.12,156.59,146.25,
2014-10-12,743.18,706.39,629.8,502.76,407.37,220.88,174.89,158.38,146.87,
2014-10-19,755.53,709.43,657.57,502.9,405.66,226.07,174.8,158.34,147.08,
2014-10-26,763.13,717.95,653.46,494.05,404.04,227.02,176.13,160.65,149.05,
2014-11-02,758.5,676.69,493.65,466.81,403.16,228.16,176.14,160.77,150.84,
2014-11-09,795.32,718.08,498.84,465.95,403.74,233.08,176.84,161.6,149.86,
2014-11-16,803.77,733.37,501.47,466.6,404.92,234.6,177.2,161.56,151.28,
2014-11-23,805.04,721.82,496.92,463.76,402.93,235.64,178.0,162.26,151.06,
2014-11-30,579.94,394.36,390.12,390.08,389.19,236.78,179.0,163.03,150.99,
2014-12-07,578.63,386.37,382.91,379.74,372.66,238.93,180.03,163.7,152.45,
2014-12-14,580.73,376.36,370.02,368.33,361.07,237.16,180.48,164.23,152.41,
2014-12-21,582.59,371.88,367.64,364.62,353.1,237.24,180.97,163.9,151.78,
2014-12-28,582.59,371.71,367.79,364.53,351.48,236.46,180.87,164.7,151.16,
2015-01-04,373.82,369.6,366.72,362.41,354.78,239.25,181.44,164.73,152.62,
2015-01-11,381.46,374.54,367.97,364.12,355.26,242.73,182.68,167.26,153.63,
2015-01-18,387.09,382.06,377.77,373.64,363.75,244.78,184.41,166.73,153.91,
2015-01-25,392.23,386.51,383.79,380.78,369.71,248.32,184.75,167.25,154.74,
2015-02-01,390.04,386.95,384.47,383.4,372.68,255.08,185.74,168.39,155.45,
2015-02-08,389.38,387.89,387.13,386.82,375.84,269.73,188.05,171.05,157.34,
2015-02-15,389.17,388.31,388.18,387.64,379.62,281.59,190.74,173.54,159.07,
2015-02-22,386.34,387.68,387.55,386.99,382.8,294.23,192.82,175.43,161.18,
2015-03-01,387.14,387.51,387.23,386.8,382.65,303.78,196.32,177.68,163.04,
2015-03-08,388.34,387.93,387.39,387.14,383.64,308.04,199.72,181.36,164.97,
2015-03-15,389.21,387.62,387.46,387.28,382.72,310.14,202.58,181.8,165.65,
2015-03-22,389.21,387.45,385.8,385.16,376.49,307.14,204.22,183.24,165.08,
2015-03-29,389.67,388.05,385.87,384.76,369.28,303.9,203.73,184.48,166.25,
2015-04-05,388.96,386.27,385.46,383.44,364.02,298.67,203.73,184.94,165.4,
2015-04-12,388.61,385.95,385.1,379.01,359.37,291.22,203.06,184.31,164.78,
2015-04-19,388.46,385.77,383.12,378.68,353.64,286.47,202.01,184.05,164.51,
2015-04-26,387.74,382.22,376.74,372.1,340.18,272.63,202.43,183.28,164.51,
2015-05-03,383.96,377.84,370.28,357.82,335.79,268.63,199.97,182.13,164.6,
2015-05-10,384.47,377.08,369.17,356.4,334.86,268.55,200.27,183.2,164.87,
2015-05-17,384.95,372.51,364.54,352.11,338.1,271.12,200.53,184.19,165.03,
2015-05-24,385.78,369.07,363.18,352.33,340.35,271.48,201.24,184.21,165.9,
2015-05-31,365.87,358.54,348.78,342.69,335.43,268.85,200.58,184.31,165.64,
2015-06-07,374.85,361.14,350.63,342.62,336.32,268.26,201.2,184.2,165.6,
2015-06-14,361.16,349.42,341.4,338.04,328.61,263.01,199.9,182.77,165.05,
2015-06-21,363.05,344.74,339.27,335.01,325.2,258.36,199.27,183.59,165.31,
2015-06-28,366.22,340.61,335.76,331.29,316.99,252.79,199.23,183.45,165.36,
2015-07-05,269.25,267.39,261.05,260.4,259.42,236.59,190.33,179.67,164.83,
2015-07-12,244.35,235.53,231.4,225.34,220.33,219.35,180.7,171.37,162.5,
2015-07-19,233.8,155.26,172.44,182.69,184.74,192.55,172.26,165.94,158.76,
2015-07-26,230.24,151.08,173.1,180.97,178.31,188.98,172.1,165.37,159.41,
2015-08-02,129.24,166.49,174.36,175.85,174.68,186.18,170.57,164.59,159.32,
2015-08-09,129.4,179.81,183.52,185.39,186.12,189.03,170.71,164.92,159.94,
2015-08-16,131.51,200.51,191.38,190.7,189.96,190.52,170.47,164.86,158.65,
2015-08-23,132.24,201.35,192.93,191.64,190.67,190.1,170.5,164.43,157.9,
2015-08-30,137.94,257.39,231.13,227.23,216.95,195.43,171.72,164.86,158.28,
2015-09-06,223.13,216.13,205.77,196.39,194.31,171.81,164.32,158.07,154.9,
2015-09-13,202.68,183.98,186.14,181.07,189.21,169.53,164.04,157.85,153.87,
2015-09-20,207.18,183.2,183.69,181.94,185.55,169.37,164.05,157.78,154.43,
2015-09-27,211.06,177.33,175.8,176.27,183.35,167.86,162.95,156.28,154.57,
2015-10-04,175.77,172.73,172.86,180.01,179.56,167.17,161.86,156.72,154.06,
2015-10-11,169.09,167.34,166.34,177.58,177.33,166.17,160.94,156.1,153.82,
2015-10-18,168.16,165.31,163.59,176.01,175.65,164.98,159.78,155.94,153.23,
2015-10-25,169.45,165.99,164.89,175.39,173.37,164.63,160.03,155.39,153.31,
2015-11-01,175.89,166.49,174.67,173.34,170.44,164.69,160.13,154.82,152.76,
2015-11-08,179.01,167.47,174.37,173.65,169.49,163.93,159.73,154.35,152.43,
2015-11-15,180.21,167.76,173.09,172.33,168.55,163.06,159.06,154.45,152.41,
2015-11-22,180.08,166.18,170.78,169.87,165.75,161.22,156.35,153.79,150.67,
2015-11-29,178.87,156.9,158.46,154.91,155.71,156.07,153.55,150.72,149.04,
2015-12-06,127.92,133.5,131.06,137.0,143.17,151.03,149.34,148.03,146.38,
2015-12-13,112.27,117.11,117.88,119.08,133.17,148.5,147.12,145.08,143.96,
2015-12-20,113.74,116.22,119.37,121.38,134.12,148.86,147.02,145.6,143.47,
2015-12-27,106.58,106.0,107.24,110.3,128.76,142.23,144.26,142.89,140.06,
2016-01-03,77.67,95.4,96.96,108.42,122.43,137.26,139.32,138.11,138.12,
2016-01-10,59.88,76.44,81.71,94.55,111.32,131.97,135.39,135.58,135.48,
2016-01-17,45.31,52.79,57.72,76.02,92.14,127.61,130.25,131.02,131.58,
2016-01-24,42.16,48.07,56.01,70.59,88.76,123.96,127.88,129.63,130.81,
2016-01-31,41.59,50.67,57.81,62.26,75.42,115.66,122.12,126.19,127.84,
2016-02-07,41.69,50.67,57.69,61.04,74.65,113.64,120.33,124.27,126.02,
2016-02-14,41.03,53.1,59.81,63.42,77.73,111.52,120.62,124.62,126.19,
2016-02-21,39.52,53.27,61.32,64.96,79.11,113.06,120.94,126.01,127.03,
2016-02-28,36.73,50.35,60.34,64.38,78.4,112.92,120.12,125.52,126.96,
2016-03-06,50.27,59.69,64.26,66.54,77.69,114.59,120.72,125.28,127.07,
2016-03-13,47.83,57.33,63.46,67.11,75.73,114.05,120.37,125.42,127.86,
2016-03-20,44.02,54.01,61.37,65.56,74.69,112.55,119.81,125.06,127.28,
2016-03-27,44.61,54.11,60.67,65.22,74.18,111.99,119.81,124.48,127.37,
2016-04-03,53.43,59.51,64.41,71.69,75.88,112.58,120.02,124.61,127.37,
2016-04-10,54.27,62.89,66.76,72.41,78.25,112.89,120.19,125.04,127.61,
2016-04-17,55.53,79.56,79.75,81.11,84.73,114.85,121.66,125.46,127.84,
2016-04-24,55.95,85.9,84.07,86.51,88.67,116.23,122.63,126.03,127.86,
2016-05-01,84.15,83.44,89.07,89.55,89.78,119.45,124.56,127.8,128.46,
2016-05-08,79.73,79.14,84.88,85.69,87.76,120.83,125.67,129.08,129.8,
2016-05-15,80.59,73.52,84.33,85.65,87.51,124.72,128.84,130.34,130.74,
2016-05-22,81.97,68.35,84.13,84.96,87.1,126.46,130.37,131.23,132.02,
2016-05-29,80.63,61.85,77.21,84.91,86.54,128.35,131.65,133.1,133.34,
2016-06-05,61.06,70.01,83.78,85.32,86.32,127.81,131.02,133.02,132.89,
2016-06-12,59.93,60.36,79.81,81.66,85.38,127.82,131.71,133.16,133.02,
2016-06-19,61.65,64.2,77.92,81.28,89.53,127.52,131.48,132.96,133.33,
2016-06-26,62.13,75.03,80.75,84.39,90.37,128.53,132.09,133.06,133.65,
2016-07-03,80.66,91.17,91.34,95.34,99.75,130.56,134.54,135.36,135.7,
2016-07-10,84.87,114.86,115.74,127.4,129.75,137.32,138.34,138.95,139.36,
2016-07-17,83.84,108.62,120.6,137.15,142.19,145.68,144.76,141.4,141.95,
2016-07-24,82.1,101.11,123.52,143.54,147.74,151.24,149.71,147.46,146.09,
2016-07-31,115.71,159.7,156.51,157.18,153.68,154.6,151.73,149.8,147.45,
2016-08-07,120.96,196.31,183.94,176.18,167.53,159.82,155.81,151.1,149.86,
2016-08-14,122.84,193.63,182.72,177.93,169.53,165.75,159.7,155.3,152.11,
2016-08-21,122.13,180.62,176.95,171.07,166.04,167.42,161.8,156.32,153.24,
2016-08-28,114.37,140.58,140.03,140.41,140.68,164.82,160.32,155.92,152.43,
2016-09-04,141.22,141.03,139.93,140.21,163.76,159.59,155.5,153.07,152.47,
2016-09-11,142.53,143.47,142.25,142.36,162.23,159.73,155.54,153.46,151.7,
2016-09-18,142.33,143.8,142.52,141.63,159.8,158.62,155.52,151.58,150.54,
2016-09-25,141.69,145.46,143.88,142.79,159.44,156.83,154.07,150.13,149.87,
2016-10-02,179.62,165.68,155.16,157.99,159.61,156.9,154.81,150.36,149.86,
2016-10-09,189.85,182.81,160.33,161.33,160.56,156.36,154.54,150.65,149.5,
2016-10-16,188.12,184.67,159.65,160.29,161.34,156.9,154.65,152.17,150.91,
2016-10-23,182.64,178.6,151.51,152.77,159.44,156.01,153.92,151.06,150.3,
2016-10-30,184.67,185.14,152.96,153.21,160.43,155.87,153.83,151.21,150.58,
2016-11-06,201.32,164.06,158.32,157.12,162.18,157.22,154.68,152.61,151.5,
2016-11-13,203.39,160.11,156.63,154.59,163.95,158.03,154.42,152.38,150.96,
2016-11-20,201.26,147.11,146.14,143.21,162.62,156.77,154.38,151.79,150.09,
2016-11-27,202.08,151.15,128.07,128.16,159.27,156.0,153.42,151.11,150.26,
2016-12-04,138.75,112.21,111.2,109.99,147.46,153.13,151.14,149.93,149.53,
2016-12-11,145.77,88.17,87.16,88.7,133.91,145.76,145.51,144.58,144.44,
2016-12-18,125.75,99.94,94.31,92.81,133.31,144.23,143.78,143.47,142.83,
2016-12-25,123.37,100.19,96.66,96.43,134.11,143.74,142.04,141.32,141.11,
2017-01-01,125.21,109.29,105.94,110.08,139.75,144.2,142.17,141.04,140.7,
2017-01-08,125.01,118.14,119.93,121.95,143.28,145.21,142.57,142.04,140.95,
2017-01-15,125.25,126.28,126.4,126.85,148.51,146.33,143.29,142.34,140.93,
2017-01-22,124.43,118.71,120.51,121.61,148.19,146.75,144.08,142.7,141.31,
2017-01-29,122.91,113.28,119.03,119.81,147.44,147.73,145.53,143.17,142.14,
2017-02-05,115.77,120.58,121.19,149.04,153.73,150.35,146.16,144.18,143.21,
2017-02-12,121.92,146.27,145.12,173.33,176.24,155.91,150.3,147.0,145.35,
2017-02-19,122.25,161.78,158.34,188.7,183.19,161.25,152.38,149.29,148.05,
2017-02-26,124.96,175.26,165.44,197.85,189.56,169.23,156.4,151.02,150.59,
2017-03-05,185.24,181.39,205.7,201.86,192.89,170.82,158.47,153.35,153.0,
2017-03-12,210.81,239.61,273.91,275.96,245.72,181.41,162.73,157.13,153.52,
2017-03-19,210.82,237.33,275.91,272.18,237.26,180.59,162.77,157.63,154.55,
2017-03-26,210.16,243.56,285.16,281.28,238.86,185.61,164.17,157.8,155.7,
2017-04-02,390.82,405.27,394.13,345.58,259.57,193.5,169.64,160.63,155.72,
2017-04-09,366.14,402.96,396.74,336.79,264.38,201.4,170.33,161.05,156.16,
2017-04-16,358.52,389.68,385.99,315.79,251.21,205.09,170.94,160.88,155.77,
2017-04-23,354.69,389.3,368.54,304.36,251.31,206.16,170.5,161.19,156.55,
2017-04-30,397.41,375.51,300.96,283.03,260.14,209.33,172.55,162.96,156.92,
2017-05-07,389.61,368.67,293.87,279.59,259.23,210.03,173.27,162.66,156.76,
2017-05-14,408.15,362.81,300.43,282.6,257.94,209.69,173.91,163.87,156.53,
2017-05-21,402.77,241.97,285.83,273.2,244.31,208.52,172.71,163.31,157.03,
2017-05-28,368.75,112.5,169.89,183.65,182.0,201.68,170.97,162.16,156.45,
2017-06-04,103.03,148.08,172.05,178.95,179.48,198.54,169.56,161.28,155.43,
2017-06-11,104.1,178.41,210.77,210.89,200.07,200.29,169.55,161.76,155.75,
2017-06-18,114.34,205.38,214.6,217.31,214.83,201.87,169.99,161.69,155.53,
2017-06-25,115.25,209.33,223.69,220.46,215.94,202.36,170.05,161.66,155.68,
2017-07-02,216.78,237.92,220.35,208.37,198.72,202.65,169.89,160.53,155.55,
2017-07-09,224.46,254.31,204.63,199.02,181.12,198.99,168.31,159.54,154.77,
2017-07-16,230.5,290.7,209.92,198.37,181.79,197.52,167.17,157.86,154.67,
2017-07-23,241.52,339.39,231.5,186.46,174.26,196.15,168.34,158.8,154.61,
2017-07-30,251.14,381.76,284.14,197.61,173.09,194.58,166.63,157.57,154.04,
2017-08-06,397.57,244.55,197.49,177.06,166.54,194.66,166.66,157.29,153.72,
2017-08-13,417.38,263.84,211.33,174.73,164.66,193.75,167.09,157.25,152.81,
2017-08-20,448.12,359.83,267.09,185.41,173.05,194.02,167.47,156.88,152.25,
2017-08-27,454.74,398.37,295.98,202.67,175.25,195.86,167.84,155.97,151.45,
2017-09-03,436.58,327.87,220.95,176.0,196.8,167.63,157.09,152.63,150.31,
2017-09-10,438.32,389.44,287.04,194.14,197.81,169.19,158.57,153.29,150.08,
2017-09-17,461.05,423.72,334.46,256.58,215.92,171.03,159.46,153.57,150.69,
2017-09-24,460.13,418.03,282.98,220.53,215.31,171.05,158.69,153.61,150.81,
2017-10-01,445.79,358.19,263.59,216.28,221.37,172.63,159.53,154.49,151.28,
2017-10-08,450.2,385.37,287.85,228.01,236.67,173.85,160.34,154.74,150.72,
2017-10-15,455.26,404.57,296.24,235.44,239.96,175.74,161.96,155.76,152.16,
2017-10-22,455.91,366.11,256.09,229.87,235.47,175.47,161.19,155.03,150.97,
2017-10-29,460.26,412.31,297.09,230.71,236.19,176.2,160.64,154.48,150.06,
2017-11-05,367.46,255.06,224.29,218.34,228.15,175.27,160.47,154.51,149.87,
2017-11-12,390.79,238.15,200.29,200.32,221.87,175.75,160.46,153.35,149.49,
2017-11-19,390.07,223.59,181.6,182.0,210.15,172.65,160.32,152.48,149.22,
2017-11-26,382.39,171.13,137.29,143.86,193.72,171.19,159.5,151.37,148.52,
2017-12-03,177.75,145.16,151.7,153.02,190.75,170.45,159.43,151.69,149.1,
2017-12-10,194.2,180.4,183.41,183.27,205.45,172.72,160.15,152.13,149.23,
2017-12-17,214.93,179.4,180.31,181.17,209.87,172.85,159.77,151.68,149.33,
2017-12-24,214.85,195.17,180.07,183.38,209.3,174.01,160.25,152.08,149.07,
2017-12-31,182.73,180.77,182.13,191.43,213.91,173.89,159.35,151.67,148.76,
2018-01-07,171.41,151.9,157.43,185.52,203.06,172.97,159.4,151.72,148.47,
2018-01-14,156.79,117.86,125.31,153.59,179.64,171.05,158.5,151.84,148.77,
2018-01-21,169.77,143.02,149.92,168.86,190.0,170.74,158.5,152.34,148.18,
2018-01-28,177.76,153.25,148.14,165.31,188.49,170.39,158.4,151.19,147.99,
2018-02-04,172.08,173.59,191.57,192.84,211.58,173.62,159.01,151.48,148.26,
2018-02-11,,,,,,,,,,
2018-02-18,191.32,243.95,243.92,245.17,248.22,180.57,161.0,153.53,149.05,
2018-02-25,185.14,226.35,243.16,248.08,246.43,185.16,162.93,154.39,150.02,
2018-03-04,232.13,240.74,252.15,251.44,252.2,193.44,164.34,153.86,149.91,
2018-03-11,228.36,235.42,253.37,254.42,254.75,208.66,166.37,155.05,150.71,
2018-03-18,218.84,237.7,251.33,252.8,253.83,210.44,167.79,155.4,150.93,
2018-03-25,216.4,189.77,227.71,230.45,244.29,210.51,170.05,155.9,151.26,
2018-04-01,85.73,142.13,153.76,199.65,202.58,201.39,167.62,154.84,150.61,
2018-04-08,104.25,175.28,189.94,226.1,226.11,203.28,167.74,155.45,150.3,
2018-04-15,101.51,147.4,164.54,206.32,207.69,202.79,167.2,155.19,150.31,
2018-04-22,104.35,191.48,188.22,219.0,216.77,204.95,169.52,156.55,151.12,
2018-04-29,106.81,246.02,225.5,229.52,224.98,205.14,171.16,158.08,152.72,
2018-05-06,260.73,219.86,224.63,227.71,223.21,205.17,170.94,158.61,152.29,
2018-05-13,284.5,268.7,241.78,237.75,227.97,204.79,172.57,159.92,153.58,
2018-05-20,300.61,344.06,311.52,294.22,255.29,208.2,174.6,160.75,154.31,
2018-05-27,303.45,322.59,295.44,289.32,254.76,210.06,175.46,163.13,154.61,
2018-06-03,381.27,345.2,316.53,301.27,247.53,212.52,175.68,165.18,155.0,
2018-06-10,403.51,394.63,367.33,315.15,247.35,216.23,176.49,165.76,154.88,
2018-06-17,411.96,412.1,386.33,341.68,257.83,217.16,178.31,167.02,155.27,
2018-06-24,420.44,429.46,400.44,361.74,270.77,218.66,179.4,167.3,155.43,
2018-07-01,442.68,405.14,355.59,323.38,261.9,219.03,180.38,167.84,155.86,
2018-07-08,470.09,439.47,360.19,323.03,260.08,219.1,180.99,168.4,154.9,
2018-07-15,473.33,467.68,390.24,344.72,260.73,220.26,180.82,169.5,155.33,
2018-07-22,474.26,468.98,413.77,376.5,275.32,220.53,180.98,169.93,155.34,
2018-07-29,478.78,475.05,440.42,388.82,288.63,221.1,181.92,170.15,155.56,
2018-08-05,481.84,453.69,386.36,327.41,251.21,220.74,182.98,170.65,155.0,
2018-08-12,484.79,468.0,417.3,369.15,270.47,220.36,182.46,170.36,154.54,
2018-08-19,484.16,461.12,375.84,324.2,246.49,216.67,182.8,169.8,154.97,
2018-08-26,483.76,465.76,394.79,340.96,251.09,215.46,182.01,170.11,155.08,
2018-09-02,452.6,369.52,319.67,237.4,210.94,181.9,169.45,156.1,151.83,
2018-09-09,458.86,341.86,280.59,219.72,208.79,181.25,169.98,156.12,150.58,
2018-09-16,450.7,271.85,197.73,170.82,198.38,180.65,167.93,155.61,150.34,
2018-09-23,449.71,297.23,242.56,194.96,200.53,180.7,168.92,156.09,150.92,
2018-09-30,310.72,218.43,180.42,174.23,201.67,180.08,168.33,156.06,150.71,
2018-10-07,278.14,197.68,171.5,169.38,200.64,180.85,168.71,156.51,150.87,
2018-10-14,264.09,166.91,151.85,152.44,197.02,180.59,168.94,155.68,150.58,
2018-10-21,249.86,125.5,115.2,126.09,185.45,177.61,166.65,155.02,150.07,
2018-10-28,256.29,147.11,141.2,145.04,187.1,176.65,166.09,155.8,150.42,
2018-11-04,129.4,117.67,127.07,139.98,189.24,176.14,166.61,155.49,150.41,
2018-11-11,118.01,86.4,98.93,118.64,176.5,174.5,165.14,154.73,149.94,
2018-11-18,117.77,80.99,96.36,113.38,175.98,172.78,165.07,155.14,149.14,
2018-11-25,117.49,60.73,79.87,99.11,161.51,170.72,164.28,153.9,149.05,
2018-12-02,68.87,95.7,117.46,130.39,171.16,169.92,164.09,154.45,148.95,
2018-12-09,70.22,104.17,128.63,145.84,179.5,170.27,162.99,154.39,148.94,
2018-12-16,70.79,103.85,134.7,153.64,189.83,172.45,163.63,155.1,149.37,
2018-12-23,74.21,152.35,164.45,189.53,199.43,174.08,164.48,155.46,148.95,
2018-12-30,76.5,155.95,189.77,200.18,211.16,173.55,164.96,155.56,149.5,
2019-01-06,170.91,261.45,273.0,268.79,276.15,177.51,165.3,155.28,149.28,
2019-01-13,170.76,231.05,233.98,232.74,238.73,181.69,167.83,157.36,150.22,
2019-01-20,184.22,316.55,319.15,302.59,296.64,189.67,172.8,159.43,151.74,
2019-01-27,192.91,403.14,380.69,341.32,313.16,199.32,179.26,163.11,154.8,
2019-02-03,434.05,364.76,320.59,320.5,308.05,205.16,181.96,165.61,155.46,
2019-02-10,417.92,311.56,287.05,285.95,296.87,206.09,182.18,166.07,155.48,
2019-02-17,438.38,364.02,306.05,307.39,303.59,208.22,185.51,166.44,157.17,
2019-02-24,428.02,277.89,257.63,266.98,298.17,208.86,184.45,165.26,155.42,
2019-03-03,249.2,215.39,247.9,266.67,299.51,209.29,185.02,165.82,155.35,
2019-03-10,244.02,211.32,244.42,268.33,299.4,209.93,185.33,164.82,155.89,
2019-03-17,222.43,178.71,220.19,254.22,294.94,212.75,185.67,166.02,155.96,
2019-03-24,226.49,214.34,283.08,306.84,310.43,217.72,186.07,166.79,156.04,
2019-03-31,224.88,281.0,303.87,353.34,312.99,217.62,187.58,167.83,156.67,
2019-04-07,197.59,245.31,279.5,333.1,303.85,219.44,188.56,167.62,156.57,
2019-04-14,181.62,158.76,216.44,278.16,282.48,218.21,188.33,167.16,155.18,
2019-04-21,178.14,164.39,224.79,272.6,283.73,217.35,189.04,168.29,155.73,
2019-04-28,178.26,163.2,209.06,262.7,280.68,217.84,189.28,168.03,156.46,
2019-05-05,144.75,182.13,233.17,267.82,253.05,215.71,189.24,168.12,156.92,
2019-05-12,131.63,147.79,209.87,255.15,240.31,213.2,189.01,168.33,157.29,
2019-05-19,132.67,125.63,180.41,229.91,224.7,210.74,189.48,167.91,156.85,
2019-05-26,132.38,87.89,151.89,199.31,203.31,205.04,189.02,168.32,157.52,
2019-06-02,80.71,170.09,237.99,236.04,209.53,204.63,188.02,168.73,156.69,
2019-06-09,77.66,176.27,246.99,236.26,210.19,204.46,188.82,169.07,156.18,
2019-06-16,76.95,156.35,224.19,217.32,204.78,204.52,188.97,168.47,156.46,
2019-06-23,76.76,157.69,211.63,206.77,198.73,204.8,189.44,168.97,156.21,
2019-06-30,174.56,219.26,209.02,208.54,197.79,205.43,189.52,169.39,158.01,
2019-07-07,179.92,220.79,205.32,205.03,192.3,204.13,188.67,169.89,157.56,
2019-07-14,176.8,206.91,186.44,191.43,179.65,202.22,188.43,169.87,157.81,
2019-07-21,178.76,213.1,183.6,187.94,175.49,197.98,186.81,169.75,158.45,
2019-07-28,182.88,233.6,221.42,216.43,184.11,199.52,187.6,170.11,157.99,
2019-08-04,234.62,221.07,213.33,185.45,169.28,198.6,187.38,169.82,157.26,
2019-08-11,230.39,214.47,205.66,179.61,167.51,198.22,186.82,169.58,157.0,
2019-08-18,231.99,214.64,201.44,176.04,165.37,196.22,186.09,169.25,156.67,
2019-08-25,233.95,207.7,193.03,175.36,162.43,192.75,185.59,168.62,156.28,
2019-09-01,195.91,175.27,168.04,151.64,185.33,182.53,168.65,156.45,152.02,
2019-09-08,207.66,205.29,184.63,160.45,184.94,181.86,168.03,156.14,151.77,
2019-09-15,209.95,204.26,183.75,159.0,185.14,181.81,167.63,155.9,151.28,
2019-09-22,214.64,216.13,190.18,156.23,186.47,182.05,168.05,156.09,151.24,
2019-09-29,216.26,238.34,221.92,172.23,193.47,182.63,169.43,156.49,152.11,
2019-10-06,262.36,265.44,208.93,196.83,201.18,183.38,169.5,157.19,151.8,
2019-10-13,268.84,287.25,220.06,211.77,205.96,185.1,169.8,157.81,152.07,
2019-10-20,268.1,278.36,213.39,208.45,204.96,185.54,169.65,157.67,152.18,
2019-10-27,270.21,310.45,261.68,224.19,208.92,186.87,170.05,158.56,152.57,
2019-11-03,291.35,194.51,190.0,188.71,197.46,185.7,169.94,158.64,152.12,
2019-11-10,307.0,247.34,233.9,214.98,205.5,186.47,170.62,158.99,151.97,
2019-11-17,311.21,245.43,221.28,213.34,205.11,185.98,170.32,157.92,151.58,
2019-11-24,312.2,237.83,212.17,203.43,203.81,186.64,170.17,157.81,151.4,
2019-12-01,220.14,183.92,183.12,181.83,199.38,186.25,170.03,157.75,151.51,
2019-12-08,219.48,204.75,201.11,197.68,199.56,185.95,170.07,158.26,152.09,
2019-12-15,,,,,,,,,,
2019-12-22,214.51,224.5,212.07,202.74,210.24,186.88,170.63,158.01,151.95,
2019-12-29,224.12,316.22,314.81,264.91,241.39,188.88,171.08,158.36,152.04,
2020-01-05,296.47,227.19,201.17,186.7,226.71,190.58,171.7,159.38,152.63,
2020-01-12,319.44,280.64,247.63,195.51,235.24,194.82,174.07,159.97,153.18,
2020-01-19,321.94,231.72,211.74,175.45,230.7,195.29,173.66,160.31,152.97,
2020-01-26,321.79,192.04,192.41,170.31,227.72,196.88,174.03,160.11,152.93,
2020-02-02,196.26,199.84,174.77,180.17,234.09,198.45,174.57,160.48,153.38,
2020-02-09,164.36,162.28,145.47,161.04,227.38,199.33,175.18,161.21,153.85,
2020-02-16,152.75,113.45,115.88,138.74,217.64,198.54,174.96,160.99,154.23,
2020-02-23,151.04,90.33,101.03,124.49,209.18,197.82,174.44,160.67,153.47,
2020-03-01,81.48,96.51,124.6,169.84,208.56,196.19,174.71,160.79,153.84,
2020-03-08,83.95,104.81,127.37,171.5,206.38,194.29,175.06,160.96,153.94,
2020-03-15,83.88,89.86,92.22,125.57,182.92,186.93,174.5,160.39,153.44,
2020-03-22,81.83,48.86,55.05,78.17,148.6,178.11,172.45,159.72,152.68,
2020-03-29,80.22,42.42,47.66,65.07,118.24,170.72,169.1,159.34,152.03,
2020-04-05,41.09,45.04,72.0,95.25,121.65,166.3,167.31,158.89,151.4,
2020-04-12,40.61,44.07,69.55,90.64,117.65,162.7,166.09,158.63,151.77,
2020-04-19,40.27,43.92,57.89,71.25,100.21,153.27,160.76,157.21,150.96,
2020-04-26,,,,,,,,,,
2020-05-03,56.21,69.23,81.91,97.87,102.08,149.0,156.13,154.39,149.78,
2020-05-10,60.47,83.57,83.72,95.25,99.95,145.22,153.54,152.51,149.04,
2020-05-17,67.54,96.31,101.21,103.45,107.04,143.87,152.31,151.49,148.47,
2020-05-24,69.01,101.11,106.86,107.96,112.19,145.03,152.73,151.13,148.21,
2020-05-31,97.93,95.03,106.07,107.68,110.47,145.71,152.51,150.61,147.65,
2020-06-07,116.84,122.23,121.07,121.42,118.13,147.15,152.85,150.42,147.66,
2020-06-14,115.14,109.74,119.08,120.26,115.39,150.6,154.5,151.05,147.88,
2020-06-21,112.03,94.12,100.1,108.91,111.45,150.6,154.14,151.01,147.76,
2020-06-28,112.39,88.78,88.6,102.72,108.17,148.89,153.76,150.89,147.39,
2020-07-05,87.99,86.32,100.48,106.13,103.37,146.97,153.72,150.64,147.18,
2020-07-12,88.05,87.63,103.01,108.91,103.77,146.94,153.9,150.76,147.31,
2020-07-19,87.95,84.07,95.37,101.31,98.54,144.77,153.32,150.44,146.85,
2020-07-26,88.08,90.3,107.55,113.04,105.01,144.84,153.49,150.34,147.17,
2020-08-02,94.89,105.35,108.85,107.77,98.78,144.98,153.99,150.09,147.06,
2020-08-09,90.8,78.86,86.24,85.76,82.65,140.67,153.09,150.05,146.57,
2020-08-16,86.12,69.89,84.27,84.64,80.74,137.78,151.7,149.74,146.19,
2020-08-23,85.27,74.86,92.67,92.86,82.52,135.0,151.12,149.61,146.17,
2020-08-30,84.91,83.05,100.88,101.17,86.12,135.63,150.99,149.62,146.14,
2020-09-06,83.56,99.98,96.4,82.35,134.1,150.75,149.7,146.08,144.11,
2020-09-13,88.76,118.16,111.67,88.38,136.07,150.7,149.3,145.96,143.56,
2020-09-20,94.53,151.11,140.02,106.96,142.13,151.73,149.51,145.83,142.81,
2020-09-27,100.1,217.03,211.86,148.64,157.71,155.12,150.58,146.6,143.65,
2020-10-04,266.28,278.02,181.11,180.08,163.61,158.24,151.45,147.1,143.95,
2020-10-11,273.43,272.68,160.23,163.98,164.74,160.26,151.81,147.1,144.37,
2020-10-18,281.28,254.0,144.35,156.89,158.49,159.91,152.09,146.63,143.57,
2020-10-25,285.95,352.68,216.78,209.14,187.31,165.09,153.55,147.65,144.45,
2020-11-01,454.38,318.31,287.29,243.34,199.89,169.94,154.54,149.06,145.11,
2020-11-08,452.5,341.16,265.25,239.4,200.37,172.07,155.26,149.81,145.59,
2020-11-15,472.35,467.53,384.19,294.59,223.92,182.27,157.98,150.26,146.52,
2020-11-22,487.96,480.75,395.26,297.91,226.98,189.97,159.72,150.64,146.29,
2020-11-29,494.09,354.29,240.56,191.76,181.25,185.07,159.75,150.77,146.26,
2020-12-06,280.47,237.79,212.23,191.02,190.39,182.44,159.56,150.81,146.04,
2020-12-13,263.15,194.32,176.62,169.18,187.59,182.01,159.97,150.74,146.08,
2020-12-20,266.88,207.27,192.97,177.54,191.33,182.5,159.94,150.82,146.32,
2020-12-27,265.64,311.59,271.44,228.77,211.95,184.03,160.24,151.21,146.46,
2021-01-03,292.5,241.73,196.31,152.45,209.54,185.33,160.79,150.72,145.93,
2021-01-10,287.58,282.74,253.27,181.11,225.93,186.95,161.59,151.24,146.36,
2021-01-17,266.4,245.03,245.38,181.59,227.93,188.39,162.34,151.46,146.9,
2021-01-24,247.38,205.57,215.11,167.0,221.26,189.42,162.73,151.92,146.81,
2021-01-31,171.34,188.17,165.61,165.8,224.07,190.1,163.11,152.74,147.36,
2021-02-07,177.38,196.93,168.85,159.6,226.32,192.35,163.99,152.92,147.12,
2021-02-14,171.11,179.69,159.06,151.64,220.87,192.26,164.03,152.59,147.07,
2021-02-21,170.16,154.04,140.81,140.76,216.27,193.07,164.08,152.6,147.04,
2021-02-28,116.52,99.73,98.7,138.18,190.04,189.22,164.11,152.4,147.32,
2021-03-07,114.0,105.11,114.66,152.96,203.17,186.92,164.03,152.43,147.24,
2021-03-14,113.58,120.05,132.14,181.08,224.65,189.62,164.87,152.76,147.64,
2021-03-21,108.67,108.49,125.65,170.18,221.55,190.57,164.31,153.18,147.89,
2021-03-28,109.44,149.36,173.31,219.61,245.68,194.27,165.07,154.14,148.36,
2021-04-04,146.37,177.73,229.55,249.4,258.34,197.51,166.81,154.8,148.79,
2021-04-11,135.7,182.15,244.11,281.49,285.39,213.11,170.44,157.41,149.97,
2021-04-18,138.01,218.32,328.54,368.79,346.15,225.27,176.61,160.39,151.45,
2021-04-25,134.73,198.33,288.82,368.34,347.47,229.85,180.72,161.41,152.55,
2021-05-02,223.46,339.37,444.37,457.61,398.38,238.75,186.03,164.38,154.67,
2021-05-09,214.78,300.23,446.27,477.55,395.07,242.65,189.71,165.33,155.77,
2021-05-16,213.99,271.68,428.0,478.04,390.92,248.11,192.86,166.34,156.71,
2021-05-23,216.7,299.48,467.2,495.71,405.4,259.07,196.4,168.58,158.27,
2021-05-30,218.33,328.15,521.73,525.34,450.21,291.9,204.32,170.98,159.81,
2021-06-06,327.78,526.46,538.7,529.03,431.28,299.6,209.76,171.88,160.1,
2021-06-13,335.45,547.48,547.12,529.94,437.65,327.51,220.14,176.06,163.29,
2021-06-20,332.49,531.05,532.72,514.61,426.58,343.14,230.62,178.23,164.13,
2021-06-27,335.29,567.69,556.7,531.8,455.73,352.9,241.0,180.97,165.31,
2021-07-04,569.47,556.14,515.14,490.14,429.51,356.42,244.0,183.26,166.49,
2021-07-11,571.59,561.77,532.85,493.73,424.07,350.85,242.13,183.74,166.56,
2021-07-18,577.05,569.22,544.71,515.83,431.8,348.76,240.34,184.51,167.44,
2021-07-25,577.75,575.09,552.84,528.26,444.21,340.95,239.13,183.65,167.53,
2021-08-01,578.1,572.5,548.2,514.11,425.86,342.41,239.7,183.7,167.55,
2021-08-08,578.54,573.08,554.21,523.26,434.09,346.91,240.31,184.95,168.71,
2021-08-15,578.4,575.44,558.56,530.3,457.65,352.08,244.15,185.56,169.29,
2021-08-22,578.15,575.03,546.03,523.47,436.43,353.09,246.04,186.25,169.91,
2021-08-29,578.88,574.39,540.09,514.11,430.94,352.48,247.03,186.68,170.39,
2021-09-05,575.45,553.99,520.65,434.19,353.99,248.03,186.97,170.43,160.4,
2021-09-12,570.69,538.77,490.29,409.51,350.55,247.59,186.8,170.6,160.49,
2021-09-19,576.48,555.67,507.19,426.79,349.04,246.94,186.69,170.19,160.54,
2021-09-26,575.33,480.88,395.87,320.56,324.63,240.48,184.53,169.36,159.96,
2021-10-03,360.54,272.68,244.14,355.96,295.92,232.12,181.84,168.56,159.3,
2021-10-10,281.05,218.21,215.07,312.2,270.68,222.03,179.88,167.89,159.7,
2021-10-17,257.18,164.84,170.91,269.25,255.06,216.84,178.12,167.07,158.77,
2021-10-24,253.29,125.99,148.09,254.17,255.97,215.08,177.2,166.36,158.61,
2021-10-31,111.95,119.44,234.5,223.12,252.12,214.3,176.98,165.4,157.71,
2021-11-07,105.5,100.68,211.09,201.32,234.88,210.66,175.64,165.17,157.12,
2021-11-14,96.82,97.62,211.61,205.13,235.9,209.26,175.46,164.94,157.06,
2021-11-21,91.55,93.31,218.44,215.29,238.64,209.65,175.35,164.92,157.43,
2021-11-28,89.47,76.9,188.22,198.7,237.34,210.4,175.3,165.06,157.32,
2021-12-05,81.92,248.77,255.36,246.95,262.87,217.6,176.22,165.59,157.58,
2021-12-12,72.42,174.38,213.34,209.13,244.51,219.51,176.54,165.41,157.59,
2021-12-19,70.07,166.76,200.14,194.69,237.98,219.89,177.86,165.92,157.68,
2021-12-26,69.5,126.29,172.61,168.6,230.45,216.26,178.0,165.19,158.08,
2022-01-02,80.06,102.39,110.29,112.12,190.35,201.72,177.51,164.88,156.68,
2022-01-09,69.16,97.43,124.66,120.39,192.67,205.33,177.71,165.1,156.95,
2022-01-16,67.07,86.51,124.48,124.64,195.13,209.17,178.65,165.39,157.26,
2022-01-23,65.38,70.34,96.95,109.16,187.07,210.51,179.4,165.59,157.26,
2022-01-30,64.26,65.36,78.41,93.66,170.93,205.48,179.28,166.24,157.07,
2022-02-06,59.91,66.3,72.2,83.55,151.6,193.39,178.18,165.58,157.07,
2022-02-13,59.03,66.05,80.17,91.61,161.1,195.47,179.63,166.02,157.18,
2022-02-20,58.31,65.15,83.27,95.8,176.33,209.14,181.67,167.16,157.87,
2022-02-27,57.45,59.84,72.16,86.63,172.8,211.95,183.81,167.15,157.95,
2022-03-06,59.12,73.15,87.8,124.58,187.24,216.4,185.77,167.35,157.84,
2022-03-13,58.42,65.0,78.2,116.86,176.03,222.94,188.59,168.25,158.84,
2022-03-20,58.1,61.21,70.47,98.79,156.7,216.93,188.18,168.6,159.1,
2022-03-27,58.09,59.77,66.32,88.3,151.93,212.62,188.67,168.46,158.67,
2022-04-03,58.83,64.81,82.49,107.3,145.44,212.11,189.07,168.13,158.38,
2022-04-10,58.47,64.02,81.18,105.02,141.66,203.49,188.04,168.33,158.7,
2022-04-17,58.25,59.96,76.82,97.28,135.59,200.03,187.88,168.15,158.37,
2022-04-24,57.89,59.95,75.33,97.47,132.62,194.31,186.37,167.57,158.02,
2022-05-01,59.29,79.46,102.32,121.41,138.27,188.04,183.8,167.44,158.22,
2022-05-08,59.4,79.8,106.82,126.14,142.72,193.54,185.08,167.46,158.39,
2022-05-15,60.15,88.0,126.97,146.49,159.02,202.01,187.82,168.22,158.91,
2022-05-22,58.67,70.55,100.22,119.2,143.43,196.33,186.84,167.75,158.49,
2022-05-29,57.71,64.66,85.84,109.84,132.16,185.74,183.86,167.3,158.15,
2022-06-05,61.96,78.62,101.4,111.17,134.9,189.28,185.0,167.36,158.08,
2022-06-12,58.75,66.34,82.3,92.56,118.36,183.3,182.35,167.1,157.88,
2022-06-19,57.95,63.05,76.2,89.8,114.96,178.34,180.43,166.85,157.63,
2022-06-26,56.98,60.13,72.9,83.4,105.94,175.13,178.88,166.41,157.0,
2022-07-03,63.26,79.9,88.97,105.41,104.69,172.6,177.37,166.01,156.95,
2022-07-10,60.86,80.46,83.12,102.03,102.77,170.26,176.02,165.8,157.03,
2022-07-17,64.77,91.36,93.08,112.69,111.19,174.96,176.32,165.91,156.81,
2022-07-24,65.09,97.13,96.95,113.62,114.2,167.73,172.94,165.71,156.51,
2022-07-31,95.74,88.82,106.87,111.93,102.62,164.61,169.26,165.06,155.96,
2022-08-07,86.81,87.13,101.98,105.34,98.33,163.7,168.7,164.92,156.21,
2022-08-14,82.22,77.18,100.67,105.35,97.66,161.93,166.96,164.83,155.85,
2022-08-21,78.11,69.44,94.29,97.64,92.12,154.87,163.97,163.53,155.42,
2022-08-28,77.11,63.02,84.78,92.3,85.56,153.72,162.99,162.73,155.43,
2022-09-04,60.15,73.04,77.26,74.85,144.94,159.76,160.26,154.75,150.64,
2022-09-11,58.39,75.42,78.02,75.86,142.03,157.36,158.37,154.47,150.14,
2022-09-18,57.34,61.26,66.08,65.66,139.66,155.96,156.68,153.87,150.16,
2022-09-25,56.68,57.92,61.56,64.45,127.98,149.77,152.96,152.18,149.51,
2022-10-02,56.82,59.0,61.85,75.15,113.79,144.23,149.53,150.28,148.82,
2022-10-09,56.28,56.99,58.06,67.3,99.67,136.54,145.15,148.0,146.85,
2022-10-16,56.09,56.35,57.53,64.48,95.5,133.94,142.44,145.99,145.74,
2022-10-23,56.12,56.45,57.14,66.32,97.74,134.66,141.91,144.6,145.12,
2022-10-30,55.99,56.35,56.84,63.44,100.98,136.17,142.95,144.62,144.9,
2022-11-06,56.04,56.82,61.98,68.5,97.98,135.1,142.52,144.8,144.61,
2022-11-13,55.99,56.33,62.11,67.13,94.83,131.84,141.24,143.1,143.25,
2022-11-20,56.12,56.13,62.02,66.82,94.43,130.75,140.77,142.4,142.76,
2022-11-27,55.9,55.92,61.8,67.21,94.86,129.27,139.94,141.89,142.35,
2022-12-04,55.96,61.54,65.03,67.2,92.33,123.44,137.43,140.05,140.65,
2022-12-11,55.9,69.59,71.11,71.37,89.47,119.47,135.78,138.48,139.78,
2022-12-18,55.89,68.98,70.03,70.68,85.92,116.3,132.78,136.8,138.27,
2022-12-25,55.82,69.02,70.21,70.87,85.05,115.49,130.66,135.5,137.54,
2023-01-01,68.98,69.79,70.33,71.44,81.8,111.35,128.69,134.14,136.69,
2023-01-08,68.96,69.32,69.79,70.48,77.06,97.85,113.04,128.22,132.62,
2023-01-15,68.98,69.17,69.33,70.08,74.94,92.39,106.85,120.6,128.72,
2023-01-22,68.98,69.15,69.29,69.95,74.07,88.79,103.51,114.92,125.05,
2023-01-29,68.98,69.04,69.22,69.76,73.64,85.87,100.98,110.56,122.23,
2023-02-05,69.07,69.14,69.53,70.0,73.24,85.25,99.33,109.56,120.27,
2023-02-12,69.06,69.1,69.47,69.93,72.97,83.9,98.84,108.57,118.43,
2023-02-19,68.81,68.9,69.21,69.53,71.48,82.91,98.59,107.95,118.03,
2023-02-26,69.04,69.11,69.3,69.61,71.13,81.76,97.65,107.1,117.13,
2023-03-05,69.16,69.22,69.4,69.84,70.94,80.98,96.35,106.31,116.42,
2023-03-12,69.16,69.21,69.25,69.47,70.34,79.89,93.81,105.08,115.46,
2023-03-19,69.26,69.23,69.31,69.48,70.06,78.27,92.54,103.67,114.16,
2023-03-26,69.3,69.34,69.36,69.43,70.07,77.46,90.57,102.34,112.46,
2023-04-02,69.24,69.26,69.31,69.45,69.81,75.62,87.92,98.9,109.1,
2023-04-09,69.13,69.15,69.27,69.36,69.75,74.37,85.9,97.02,107.65,
2023-04-16,69.15,69.3,69.36,69.43,69.7,72.34,83.23,94.56,105.38,
2023-04-23,69.12,69.29,69.32,69.41,69.56,70.97,80.89,91.69,102.88,
2023-04-30,69.12,69.27,69.32,69.37,69.57,69.89,77.84,88.03,98.88,
2023-05-07,69.26,69.35,69.44,69.39,69.59,70.07,76.48,86.28,96.49,
2023-05-14,69.45,69.57,69.79,69.73,69.82,71.16,82.08,89.81,98.15,
2023-05-21,69.56,69.69,69.88,69.91,70.14,72.77,89.78,98.27,105.13,
2023-05-28,69.79,69.88,70.01,69.99,70.27,72.21,85.86,95.43,103.4,
2023-06-04,70.2,70.18,70.21,70.29,70.48,71.84,84.37,94.9,102.84,
2023-06-11,70.35,70.39,70.36,70.41,70.57,71.53,83.38,93.38,101.72,
2023-06-18,70.33,70.42,70.37,70.44,70.68,71.02,82.49,92.49,100.81,
2023-06-25,70.63,70.62,70.55,70.6,70.81,70.5,83.16,93.17,101.35,
2023-07-02,70.96,70.84,70.92,70.94,71.02,69.83,84.55,94.38,102.63,
2023-07-09,70.9,70.87,70.9,70.91,70.9,69.5,85.31,95.16,103.63,
2023-07-16,70.74,70.77,70.81,70.69,70.85,68.46,84.61,95.08,103.83,
2023-07-23,70.75,70.82,70.86,70.93,70.92,68.02,84.5,95.22,104.17,
2023-07-30,70.19,70.48,70.48,70.53,70.64,67.74,84.16,94.9,104.25,
2023-08-06,70.06,70.18,70.32,70.29,70.27,67.03,84.22,94.81,104.24,
2023-08-13,70.0,70.08,70.17,70.18,70.16,66.84,83.46,94.5,104.2,
2023-08-20,69.93,70.05,70.08,70.13,70.1,66.62,82.18,93.72,104.16,
2023-08-27,69.67,69.8,69.84,69.86,69.82,65.98,80.45,91.55,102.96,
2023-09-03,69.66,69.7,69.74,69.76,65.7,79.64,90.36,102.42,114.04,
2023-09-10,69.59,69.64,69.66,69.66,65.62,79.23,90.04,102.12,113.26,
2023-09-17,69.55,69.61,69.64,69.66,65.51,78.67,89.26,101.83,112.57,
2023-09-24,69.97,69.96,69.98,69.99,65.73,80.47,90.8,102.94,112.93,
2023-10-01,78.14,74.23,73.15,67.27,68.99,83.27,93.72,104.66,114.59,
2023-10-08,81.65,85.06,80.06,77.67,80.95,93.21,101.66,110.21,117.9,
2023-10-15,74.64,80.42,76.26,75.33,78.21,93.29,102.47,111.86,118.01,
2023-10-22,74.96,83.29,79.16,74.67,77.95,93.2,103.13,112.52,118.1,
2023-10-29,75.2,82.7,79.01,74.61,78.92,95.55,105.88,115.02,119.66,
2023-11-05,79.34,78.63,72.36,72.55,77.64,95.88,105.9,115.2,119.86,
2023-11-12,81.94,81.31,76.06,75.94,80.82,100.77,111.37,118.58,121.66,
2023-11-19,86.25,82.09,77.56,76.96,80.7,106.19,115.83,121.16,124.32,
2023-11-26,85.11,75.58,74.11,73.78,75.21,101.72,114.23,122.25,126.48,
2023-12-03,75.75,73.14,73.23,72.74,75.24,102.62,115.43,122.3,126.95,
2023-12-10,74.03,72.2,71.54,71.46,75.2,106.63,117.82,124.65,128.18,
2023-12-17,78.77,74.64,73.61,72.96,77.07,109.48,121.74,127.25,129.84,
2023-12-24,75.68,73.06,72.27,71.85,76.81,106.23,119.81,127.25,129.83,
2023-12-31,69.44,70.13,69.85,68.6,77.09,106.33,121.31,127.88,131.13,
2024-01-07,68.23,70.07,69.71,68.92,80.7,112.52,128.16,132.39,134.54,
2024-01-14,65.11,68.15,68.5,68.37,84.49,122.66,137.69,141.01,144.22,
2024-01-21,63.12,65.32,66.21,67.01,81.49,119.65,135.37,139.87,143.07,
2024-01-28,62.24,64.92,66.38,67.9,93.22,138.38,149.26,151.14,151.56,
2024-02-04,63.63,67.02,69.22,71.52,129.3,159.6,160.31,158.25,157.52,
2024-02-11,62.9,65.74,69.92,73.3,140.76,159.56,153.2,153.79,153.16,
2024-02-18,62.47,64.89,67.95,73.81,148.22,170.38,159.07,155.26,153.15,
2024-02-25,62.1,63.14,65.29,71.88,130.14,150.67,148.64,148.71,149.26,
2024-03-03,65.02,67.4,79.32,86.59,147.84,157.88,154.33,149.53,146.92,
2024-03-10,64.37,69.11,90.21,98.66,164.6,164.95,159.83,150.96,147.17,
2024-03-17,63.45,66.19,76.35,86.59,146.1,154.84,153.55,148.78,146.73,
2024-03-24,62.25,64.82,76.27,85.52,147.98,154.53,154.21,147.54,145.07,
2024-03-31,63.36,67.59,77.18,97.85,128.76,144.1,145.65,144.57,143.21,
2024-04-07,63.0,64.78,66.52,73.38,96.02,123.39,134.38,134.01,133.92,
2024-04-14,62.61,63.94,65.02,71.2,99.6,126.91,137.32,136.79,136.05,
2024-04-21,62.09,63.16,64.14,67.84,87.3,121.39,135.33,135.85,135.93,
2024-04-28,62.01,62.98,63.71,67.76,85.51,121.08,135.75,135.8,135.92,
2024-05-05,62.57,63.41,67.28,73.56,96.1,128.62,139.51,138.12,137.05,
2024-05-12,62.16,63.03,67.46,79.16,110.71,135.38,141.93,140.18,139.25,
2024-05-19,62.29,63.09,72.13,97.18,126.3,138.99,141.87,141.08,139.72,
2024-05-26,62.23,63.72,93.37,138.53,161.25,150.66,148.29,143.16,141.62,
2024-06-02,63.64,98.19,146.38,173.62,171.05,152.55,151.37,144.95,142.66,
2024-06-09,63.01,93.19,140.56,172.22,165.04,146.76,146.32,142.74,140.36,0.23
2024-06-16,63.02,103.45,143.67,191.09,179.51,155.75,152.47,144.48,142.23,0.23
2024-06-23,63.49,108.05,158.16,207.83,188.72,161.03,157.07,147.81,143.71,0.2
2024-06-30,110.56,174.67,220.4,231.02,182.39,168.45,157.64,146.82,143.68,-0.09
2024-07-07,96.88,133.12,176.78,200.05,171.04,161.99,154.76,145.64,142.37,0.06
2024-07-14,94.61,125.55,176.74,213.87,175.79,164.79,156.01,146.69,142.97,-0.05
2024-07-21,91.21,103.59,140.27,173.03,150.45,150.62,150.74,144.5,141.94,-0.07
2024-07-28,87.79,93.11,131.68,169.96,150.71,156.15,151.19,144.9,141.39,-0.2
2024-08-04,120.28,169.1,201.07,173.19,163.29,168.15,155.25,145.82,142.19,-0.15
2024-08-11,120.94,185.13,215.57,183.83,173.01,168.13,155.87,146.82,142.65,-0.07
2024-08-18,119.29,189.65,236.36,200.27,177.05,172.24,157.19,147.31,142.84,-0.06
2024-08-25,116.77,253.86,316.64,268.76,221.54,190.4,164.87,153.23,146.33,-0.05
2024-09-01,271.07,395.81,313.96,252.94,203.1,168.06,156.11,147.06,143.35,-0.14
2024-09-08,276.17,385.54,286.33,243.54,197.66,166.8,155.65,146.5,143.45,0.2
2024-09-15,294.81,416.67,318.61,266.1,197.67,165.4,153.77,145.22,142.69,0.13
2024-09-22,297.27,531.67,449.23,352.25,215.93,170.01,156.8,147.03,143.46,0.14
2024-09-29,308.0,555.06,453.88,346.84,219.92,170.97,155.66,145.24,142.44,0.11
2024-10-06,538.46,351.18,250.78,222.79,188.54,163.66,153.36,143.3,141.19,-0.02
2024-10-13,510.62,317.03,220.67,192.04,179.36,161.11,152.11,143.31,140.85,0.06
2024-10-20,499.45,322.37,222.93,175.21,165.14,158.95,150.1,142.96,140.43,-0.04
2024-10-27,481.0,149.97,114.58,120.71,132.6,146.79,143.99,139.83,138.54,-0.52
2024-11-03,128.11,118.5,131.12,131.03,140.5,152.76,145.71,140.01,138.0,-1.45
2024-11-10,98.0,81.32,104.51,103.64,122.52,146.58,142.78,139.31,137.54,-0.24
2024-11-17,96.45,75.59,124.6,120.27,136.98,151.67,145.35,140.47,138.55,0.03
2024-11-24,94.58,71.21,114.56,114.95,137.76,152.66,145.42,140.41,138.44,0.05
2024-12-01,82.9,120.1,118.6,117.5,145.24,153.89,147.41,142.26,139.58,-0.13
2024-12-08,73.81,115.41,118.2,120.16,151.53,157.26,147.37,141.69,139.56,-0.6
2024-12-15,67.47,78.76,93.44,97.68,140.83,153.59,146.4,141.31,139.79,0.0
2024-12-22,65.92,72.48,88.18,97.04,143.38,154.32,146.44,141.41,139.84,0.12
2024-12-29,65.04,70.49,85.47,97.33,146.28,157.04,146.29,141.23,139.62,-0.32
2025-01-05,66.57,78.77,89.32,94.57,165.62,158.88,147.13,141.47,139.75,-0.87
2025-01-12,61.65,69.02,85.54,92.59,180.24,167.41,151.44,143.32,140.17,-0.45
2025-01-19,61.3,80.51,90.04,100.49,190.95,172.62,158.0,147.08,141.82,-0.1
2025-01-26,61.05,79.97,86.09,101.84,195.9,173.04,159.55,149.28,142.68,-0.34
2025-02-02,82.31,102.93,117.78,125.23,223.32,181.35,162.54,150.82,144.03,-0.08
2025-02-09,89.86,132.93,163.43,175.65,256.36,188.87,164.08,152.88,145.53,-0.06
2025-02-16,94.81,152.1,168.88,177.98,257.72,190.54,163.86,152.96,145.66,-0.05
2025-02-23,95.84,311.54,312.15,309.96,329.51,216.39,179.69,156.12,147.08,-0.05
2025-03-02,311.21,279.48,278.02,280.58,313.4,203.8,169.89,156.22,147.29,-0.09
2025-03-09,316.36,305.94,309.35,311.6,327.82,210.86,173.23,156.71,147.57,-0.39
2025-03-16,328.04,303.41,328.88,339.4,364.75,232.4,188.9,161.68,152.09,-0.13
2025-03-23,326.25,265.43,298.94,317.84,374.66,246.83,195.18,167.84,153.86,-1.76
2025-03-30,324.66,248.21,272.36,304.04,365.2,233.74,187.86,167.58,153.97,-4.83
2025-04-06,215.39,225.31,262.12,330.39,359.52,236.92,188.46,169.75,153.37,-4.7
2025-04-13,196.6,193.05,215.19,257.06,303.28,220.4,184.95,166.65,152.92,-0.75
2025-04-20,194.78,213.06,241.78,278.74,313.84,222.36,185.93,167.46,153.21,-0.43
2025-04-27,195.02,240.21,293.79,340.07,358.18,232.17,188.74,168.22,153.09,-0.87
2025-05-04,230.75,306.85,349.51,371.78,369.22,235.84,190.37,169.66,153.79,-0.93
2025-05-11,213.71,303.94,338.32,374.55,366.24,243.23,192.8,170.68,153.87,-0.08
2025-05-18,209.48,295.64,326.03,374.79,354.29,242.63,191.85,170.93,153.95,-0.06
2025-05-25,208.71,286.49,300.63,350.48,343.63,240.4,190.98,170.53,153.84,-0.07
2025-06-01,263.78,257.57,310.96,340.83,311.37,238.16,189.83,170.31,154.63,0.45
2025-06-08,249.88,216.3,274.6,306.21,299.72,237.01,190.27,170.19,154.64,0.04
2025-06-15,250.48,242.48,303.63,310.56,309.49,240.14,190.94,170.53,155.05,0.04
2025-06-22,234.87,174.33,274.26,281.94,295.88,238.08,190.14,169.98,154.73,-0.09
2025-06-29,232.87,186.74,281.94,284.28,295.18,236.86,190.13,170.0,154.63,-0.52
2025-07-06,182.95,256.97,232.66,272.78,249.56,225.72,188.42,170.05,154.42,-0.27
2025-07-13,185.93,253.56,214.67,254.41,241.82,219.2,187.42,169.92,154.8,-0.05
2025-07-20,200.82,273.45,211.06,241.3,235.57,215.95,187.67,169.97,154.94,0.02
2025-07-27,211.6,308.28,250.15,294.46,264.52,224.8,190.25,170.34,155.18,0.01
2025-08-03,298.67,303.67,331.51,325.09,286.59,249.32,204.31,174.85,157.05,0.03
2025-08-10,297.87,307.29,339.75,341.24,294.12,253.27,207.64,178.49,157.59,0.06
2025-08-17,296.93,311.11,335.88,336.39,290.92,255.33,211.38,180.82,159.83,0.04
2025-08-24,294.38,300.73,328.75,329.69,283.62,255.22,212.17,183.9,160.41,0.03
2025-08-31,277.8,304.72,312.25,280.87,250.37,210.99,186.67,163.16,155.12,0.2
2025-09-07,285.07,315.47,331.62,285.97,250.99,212.55,189.35,164.59,155.68,-0.05
2025-09-14,275.72,299.38,318.97,280.41,249.9,211.14,190.3,165.57,155.81,-0.03
